id	file	line	original	replacement	target_harness	expected_kill
ST-M1	src/math.rs	655	let spare = liquid.saturating_sub(buffer);	let spare = liquid;	tests/kani_v5.rs::st1_sync_plan_bounded_by_target_and_buffer	assert "never below the liquid buffer" fails
ST-M2	src/math.rs	590	(a as u128).checked_mul(units_total).map(|p| p / insurance_mint)	(a as u128).checked_mul(units_total).map(|p| p.div_ceil(insurance_mint))	kani/v5-units::proofs::st3_topup_units_match_wrapper	assert_eq stake == ins_units_for_topup fails (pro-rata arm, inexact division)
ST-M3	src/math.rs	601	Some(p.div_ceil(insurance_free))	Some(p / insurance_free)	kani/v5-units::proofs::st3_recover_burn_matches_wrapper	assert_eq stake == ins_units_to_burn fails (inexact-division cover state)
ST-M4	src/math.rs	235	        return Some(junior_balance);	        return calc_collateral_for_withdraw(junior_total_lp, junior_balance, lp_amount);	tests/kani_v5.rs::st5_last_junior_full_burn_pays_exactly_ejb	assert full-burn payout == junior balance (the pre-fix N7 formula pays 500 of 1000 at supply 1); also port_161_recovery_never_windfalls_protected_senior
ST-M5	src/processor.rs	2586	    if total_lp_supply_before != 0 {	    if true {	src/processor.rs::kani_v22_new1::kani_v22_st6a_minimum_liquidity_lock	assert genesis <= 1,000 refused / mints lp-1000 (lock disabled); also kani_v22_st6b_tranche_floor_never_decreases (dead-share invariant)
ST-M6	src/state.rs	729	f |= other;	f |= 0;	src/processor.rs::kani_v22_r1::kani_v22_st7b_floor_flags_track_dead_shares	legacy pool converted by a lock records only its own bit: assert "senior bit iff senior holds its dead floor" fails (cover legacy-via-junior)
ST-M7	src/state.rs	885	self.real_junior_lp() > 0	self.junior_total_lp() > 0	src/processor.rs::kani_v22_r1::kani_v22_st7d_book_fee_delta_routes_to_real_holders	dead-only junior with junior_balance > 0 is credited: assert "junior credited only with real junior LP" fails
ST-M8	src/processor.rs	2843	pool.has_real_lp_holders()	crate::math::has_real_lp_holders(pool.total_lp_supply)	src/processor.rs::kani_v22_r1::kani_v22_st7c_no_real_lp_nothing_booked	two-floor pool (2,000 dead LP), mode-1 surplus is booked: assert "nothing booked" fails
ST-M9	src/state.rs	972	self.has_real_lp_holders(),	crate::math::has_real_lp_holders(self.total_lp_supply),	src/processor.rs::kani_v22_r1::kani_v22_st7c_no_real_lp_nothing_booked	two-floor pool, F-9 surplus beyond recoverable books a fee leg: assert to_fees == 0 fails
ST-M10	src/state.rs	771	.saturating_sub(sd).saturating_sub(jd)	.saturating_sub(sd)	src/processor.rs::kani_v22_r1::kani_v22_st7a_real_gate_tranche_aware	junior floor counted as real: assert real_lp_supply == rs + rj fails (also st7b, st7c)
ST-M11	src/state.rs	886	let junior_takes_all = distribute_to_junior && self.real_senior_lp() == 0;	let junior_takes_all = false;	src/processor.rs::kani_v22_r1::kani_v22_st7d_book_fee_delta_routes_to_real_holders	dead-only senior with senior_balance > 0 takes a share: assert "senior credited only with real senior LP" fails
